origID,age,gender
13860366,22,woman
13860618,22,woman
13861171,24,woman
13862736,22,woman
13863654,22,woman
13863726,21,woman
13865096,19,woman
13865493,29,woman
13867638,22,woman
13869196,22,woman
13869316,21,woman
13869340,22,man
13872305,22,woman
13872675,21,woman
13873740,23,woman
13875906,23,woman
13875978,22,woman
13876620,22,woman
13876896,22,woman
13878596,22,man
13878626,25,woman
13880418,25,woman
13881637,26,woman
13883538,18,woman
13884078,28,woman
13884260,25,woman
13884574,21,man
13884575,22,woman
13886867,22,woman
13889851,25,woman
13891246,26,woman
13892982,24,woman
13898927,25,woman
13898999,23,man
13899297,20,man
13899320,31,man
13899490,20,man
13899548,30,man
13900380,30,man
13902549,23,woman
13903684,23,woman
13903970,22,man
13904200,30,man
13904660,21,man
13906995,20,woman
13907028,22,man
13907280,21,woman
13907333,33,woman
13907670,22,woman
13907689,25,woman
13908207,19,woman
